INSERT INTO dbo.Pasajero (Nombre, Apellido, Edad, Contacto, Correo, Documento, Discapacidad, Chekeado, Id_Vuelo)
VALUES
('Emilia', 'Salinas', 27, '987654370', 'emilia.salinas@mail.com', 'DOC1044', 'N/A', 1, 8),
('Leonardo', 'Bravo', 30, '987654371', 'leonardo.bravo@mail.com', 'DOC1045', 'Visual', 0, 9),
('Vanessa', 'Mejía', 34, '987654372', 'vanessa.mejia@mail.com', 'DOC1046', 'N/A', 1, 10),
('Rodrigo', 'Benítez', 31, '987654373', 'rodrigo.benitez@mail.com', 'DOC1047', 'Auditiva', 1, 11),
('Tatiana', 'Vargas', 25, '987654374', 'tatiana.vargas@mail.com', 'DOC1048', 'N/A', 0, 12),
('Mauricio', 'Ibáñez', 36, '987654375', 'mauricio.ibanez@mail.com', 'DOC1049', 'Motriz', 1, 13),
('Lorena', 'Córdova', 28, '987654376', 'lorena.cordova@mail.com', 'DOC1050', 'N/A', 1, 14),
('Diego', 'Zúñiga', 29, '987654377', 'diego.zuniga@mail.com', 'DOC1051', 'N/A', 0, 15),
('Patricia', 'Campos', 33, '987654378', 'patricia.campos@mail.com', 'DOC1052', 'N/A', 1, 16),
('Héctor', 'Rivas', 40, '987654379', 'hector.rivas@mail.com', 'DOC1053', 'Visual', 1, 17),
('Camila', 'Estrada', 26, '987654380', 'camila.estrada@mail.com', 'DOC1054', 'N/A', 1, 18),
('Joaquín', 'Del Río', 35, '987654381', 'joaquin.delrio@mail.com', 'DOC1055', 'Auditiva', 1, 19),
('Marina', 'Suárez', 38, '987654382', 'marina.suarez@mail.com', 'DOC1056', 'N/A', 1, 20),
('Gabriel', 'Silvestre', 32, '987654383', 'gabriel.silvestre@mail.com', 'DOC1057', 'N/A', 0, 21),
('Verónica', 'Reynoso', 27, '987654384', 'veronica.reynoso@mail.com', 'DOC1058', 'N/A', 1, 22),
('Álvaro', 'Montes', 29, '987654385', 'alvaro.montes@mail.com', 'DOC1059', 'Motriz', 0, 23),
('Julieta', 'Soto', 31, '987654386', 'julieta.soto@mail.com', 'DOC1060', 'N/A', 1, 24),
('Matías', 'Ojeda', 34, '987654387', 'matias.ojeda@mail.com', 'DOC1061', 'Visual', 1, 25),
('Renata', 'Herrera', 36, '987654388', 'renata.herrera@mail.com', 'DOC1062', 'N/A', 1, 26),
('Nicolás', 'Pino', 37, '987654389', 'nicolas.pino@mail.com', 'DOC1063', 'N/A', 0, 27),
('Florencia', 'Mena', 30, '987654390', 'florencia.mena@mail.com', 'DOC1064', 'N/A', 1, 28),
('Sebastián', 'León', 33, '987654391', 'sebastian.leon@mail.com', 'DOC1065', 'Auditiva', 1, 29),
('Rocío', 'Barrios', 28, '987654392', 'rocio.barrios@mail.com', 'DOC1066', 'N/A', 1, 30),
('Tomás', 'Garrido', 39, '987654393', 'tomas.garrido@mail.com', 'DOC1067', 'N/A', 0, 31),
('Luisa', 'Campos', 27, '987654394', 'luisa.campos@mail.com', 'DOC1068', 'Motriz', 1, 32),
('Ángel', 'Gutiérrez', 29, '987654395', 'angel.gutierrez@mail.com', 'DOC1069', 'N/A', 1, 33),
('Isidora', 'Palacios', 26, '987654396', 'isidora.palacios@mail.com', 'DOC1070', 'Visual', 1, 34),
('Bruno', 'Ramírez', 30, '987654397', 'bruno.ramirez@mail.com', 'DOC1071', 'N/A', 0, 35),
('Teresa', 'Moreno', 32, '987654398', 'teresa.moreno@mail.com', 'DOC1072', 'N/A', 1, 36),
('Gonzalo', 'Figueroa', 28, '987654399', 'gonzalo.figueroa@mail.com', 'DOC1073', 'Auditiva', 1, 1),
('Raúl', 'Medina', 37, '987654357', 'raul.medina@mail.com', 'DOC1037', 'Visual', 1, 1),
('Gloria', 'Campos', 33, '987654358', 'gloria.campos@mail.com', 'DOC1038', 'N/A', 1, 2),
('Iván', 'Bravo', 26, '987654359', 'ivan.bravo@mail.com', 'DOC1039', 'N/A', 0, 3),
('Daniela', 'Ramos', 30, '987654360', 'daniela.ramos@mail.com', 'DOC1040', 'Auditiva', 1, 4),
('Camilo', 'Mendoza', 34, '987654361', 'camilo.mendoza@mail.com', 'DOC1041', 'N/A', 1, 5),
('Melisa', 'Luna', 28, '987654362', 'melisa.luna@mail.com', 'DOC1042', 'Motriz', 0, 6),
('Adrián', 'Silva', 29, '987654363', 'adrian.silva@mail.com', 'DOC1043', 'N/A', 1, 7),
('Martín', 'Carrillo', 30, '987654354', 'martin.carrillo@mail.com', 'DOC1034', 'N/A', 1, 34),
('Yolanda', 'Aguilar', 29, '987654355', 'yolanda.aguilar@mail.com', 'DOC1035', 'N/A', 0, 35),
('Rubén', 'Flores', 43, '987654356', 'ruben.flores@mail.com', 'DOC1036', 'N/A', 1, 36),
('Carlos', 'Ramírez', 34, '987654321', 'carlos.ramirez@mail.com', 'DOC1001', 'N/A', 1, 1),
('María', 'Fernández', 28, '987654322', 'maria.fernandez@mail.com', 'DOC1002', 'Visual', 0, 2),
('Luis', 'Gómez', 45, '987654323', 'luis.gomez@mail.com', 'DOC1003', 'N/A', 1, 3),
('Ana', 'Martínez', 31, '987654324', 'ana.martinez@mail.com', 'DOC1004', 'Auditiva', 1, 4),
('José', 'Pérez', 27, '987654325', 'jose.perez@mail.com', 'DOC1005', 'N/A', 0, 5),
('Laura', 'Torres', 38, '987654326', 'laura.torres@mail.com', 'DOC1006', 'Motriz', 1, 6),
('Miguel', 'Sánchez', 29, '987654327', 'miguel.sanchez@mail.com', 'DOC1007', 'N/A', 1, 7),
('Lucía', 'Castro', 26, '987654328', 'lucia.castro@mail.com', 'DOC1008', 'N/A', 1, 8),
('Daniel', 'Morales', 33, '987654329', 'daniel.morales@mail.com', 'DOC1009', 'N/A', 0, 9),
('Valeria', 'Ríos', 30, '987654330', 'valeria.rios@mail.com', 'DOC1010', 'N/A', 1, 10),
('Andrés', 'Lopez', 42, '987654331', 'andres.lopez@mail.com', 'DOC1011', 'Visual', 0, 11),
('Isabel', 'Reyes', 35, '987654332', 'isabel.reyes@mail.com', 'DOC1012', 'N/A', 1, 12),
('Javier', 'Cruz', 41, '987654333', 'javier.cruz@mail.com', 'DOC1013', 'Auditiva', 0, 13),
('Elena', 'Duarte', 37, '987654334', 'elena.duarte@mail.com', 'DOC1014', 'N/A', 1, 14),
('Fernando', 'Navarro', 39, '987654335', 'fernando.navarro@mail.com', 'DOC1015', 'N/A', 1, 15),
('Carmen', 'Ortega', 24, '987654336', 'carmen.ortega@mail.com', 'DOC1016', 'N/A', 0, 16),
('Ricardo', 'Delgado', 32, '987654337', 'ricardo.delgado@mail.com', 'DOC1017', 'N/A', 1, 17),
('Paola', 'Guerrero', 28, '987654338', 'paola.guerrero@mail.com', 'DOC1018', 'N/A', 1, 18),
('Alonso', 'Vargas', 36, '987654339', 'alonso.vargas@mail.com', 'DOC1019', 'Motriz', 1, 19),
('Rosa', 'Zamora', 40, '987654340', 'rosa.zamora@mail.com', 'DOC1020', 'N/A', 1, 20),
('Natalia', 'Jiménez', 29, '987654341', 'natalia.jimenez@mail.com', 'DOC1021', 'N/A', 0, 21),
('Óscar', 'Peña', 31, '987654342', 'oscar.pena@mail.com', 'DOC1022', 'N/A', 1, 22),
('Brenda', 'Alvarado', 34, '987654343', 'brenda.alvarado@mail.com', 'DOC1023', 'Visual', 1, 23),
('Renato', 'Salazar', 27, '987654344', 'renato.salazar@mail.com', 'DOC1024', 'N/A', 1, 24),
('Liliana', 'Quispe', 28, '987654345', 'liliana.quispe@mail.com', 'DOC1025', 'N/A', 0, 25),
('Jhonatan', 'Chávez', 33, '987654346', 'jhonatan.chavez@mail.com', 'DOC1026', 'N/A', 1, 26),
('Mónica', 'Paredes', 26, '987654347', 'monica.paredes@mail.com', 'DOC1027', 'N/A', 1, 27),
('Esteban', 'Escobar', 35, '987654348', 'esteban.escobar@mail.com', 'DOC1028', 'Auditiva', 1, 28),
('Tania', 'Cáceres', 31, '987654349', 'tania.caceres@mail.com', 'DOC1029', 'N/A', 1, 29),
('Cristian', 'Huamán', 29, '987654350', 'cristian.huaman@mail.com', 'DOC1030', 'N/A', 0, 30),
('Leslie', 'Gutiérrez', 32, '987654351', 'leslie.gutierrez@mail.com', 'DOC1031', 'N/A', 1, 31),
('Walter', 'López', 39, '987654352', 'walter.lopez@mail.com', 'DOC1032', 'Motriz', 0, 32),
('Sandra', 'Vega', 36, '987654353', 'sandra.vega@mail.com', 'DOC1033', 'N/A', 1, 33);

INSERT INTO dbo.Avion (Nombre, Falla, Placa, Cantidad_Pasajeros_Maximos, Estado_Vuelo)
VALUES 
('Airbus A320', 'N/A', 'LAT001', 180, 1),
('Boeing 737', 'Sistema hidráulico', 'LAT002', 160, 1),
('Embraer 190', 'N/A', 'LAT003', 100, 1),
('Boeing 787', 'N/A', 'LAT004', 242, 1),
('Airbus A350', 'Pantalla piloto', 'LAT005', 300, 0),
('ATR 72', 'N/A', 'LAT006', 70, 1),
('Boeing 767', 'N/A', 'LAT007', 210, 1),
('Airbus A330', 'Fallo en radio', 'LAT008', 250, 1),
('Bombardier CRJ', 'N/A', 'LAT009', 90, 1),
('Boeing 777', 'N/A', 'LAT010', 396, 1),
('Airbus A310', 'N/A', 'LAT011', 280, 0),
('Boeing 707', 'Sistema oxígeno', 'LAT012', 189, 1),
('Fokker 100', 'N/A', 'LAT013', 109, 1),
('Concorde', 'No operativo', 'LAT014', 120, 0),
('McDonnell MD-80', 'N/A', 'LAT015', 155, 1),
('DC-10', 'Rueda delantera', 'LAT016', 270, 1),
('Airbus A380', 'N/A', 'LAT017', 555, 1),
('Boeing 727', 'N/A', 'LAT018', 189, 1),
('Comac C919', 'N/A', 'LAT019', 168, 1),
('Tupolev Tu-204', 'Sistema eléctrico', 'LAT020', 210, 0),
('Boeing 747', 'N/A', 'LAT021', 416, 1),
('Airbus A319', 'N/A', 'LAT022', 150, 1),
('Embraer 170', 'N/A', 'LAT023', 78, 1),
('Bombardier Q400', 'Fuga hidráulica', 'LAT024', 82, 0),
('Let L-410', 'N/A', 'LAT025', 19, 1),
('Boeing 720', 'N/A', 'LAT026', 149, 1),
('Airbus Beluga', 'Problema motor', 'LAT027', 140, 0),
('Boeing Dreamlifter', 'N/A', 'LAT028', 240, 1),
('Douglas DC-3', 'N/A', 'LAT029', 32, 1),
('Pilatus PC-12', 'N/A', 'LAT030', 9, 1),
('Cessna 208', 'N/A', 'LAT031', 12, 1),
('Beechcraft 1900', 'Ventilación cabina', 'LAT032', 19, 1),
('Boeing 737 MAX', 'N/A', 'LAT033', 172, 1),
('Airbus A321', 'N/A', 'LAT034', 220, 1),
('Sukhoi Superjet 100', 'N/A', 'LAT035', 108, 1),
('Mitsubishi SpaceJet', 'N/A', 'LAT036', 88, 1);

-- Crear 20 nuevas tripulaciones (ID 11 al 30)
INSERT INTO Tripulacion DEFAULT VALUES;
INSERT INTO Tripulacion DEFAULT VALUES;
INSERT INTO Tripulacion DEFAULT VALUES;
INSERT INTO Tripulacion DEFAULT VALUES;
INSERT INTO Tripulacion DEFAULT VALUES;
INSERT INTO Tripulacion DEFAULT VALUES;
INSERT INTO Tripulacion DEFAULT VALUES;
INSERT INTO Tripulacion DEFAULT VALUES;
INSERT INTO Tripulacion DEFAULT VALUES;
INSERT INTO Tripulacion DEFAULT VALUES;
INSERT INTO Tripulacion DEFAULT VALUES;
INSERT INTO Tripulacion DEFAULT VALUES;
INSERT INTO Tripulacion DEFAULT VALUES;
INSERT INTO Tripulacion DEFAULT VALUES;
INSERT INTO Tripulacion DEFAULT VALUES;
INSERT INTO Tripulacion DEFAULT VALUES;
INSERT INTO Tripulacion DEFAULT VALUES;
INSERT INTO Tripulacion DEFAULT VALUES;
INSERT INTO Tripulacion DEFAULT VALUES;
INSERT INTO Tripulacion DEFAULT VALUES;

-- Asociar pilotos a las nuevas tripulaciones (1 piloto por tripulación)
INSERT INTO Piloto_Tripulacion VALUES (1, 3);
INSERT INTO Piloto_Tripulacion VALUES (2, 3);
INSERT INTO Piloto_Tripulacion VALUES (3, 4);
INSERT INTO Piloto_Tripulacion VALUES (4, 4);
INSERT INTO Piloto_Tripulacion VALUES (5, 5);
INSERT INTO Piloto_Tripulacion VALUES (6, 5);
INSERT INTO Piloto_Tripulacion VALUES (7, 6);
INSERT INTO Piloto_Tripulacion VALUES (8, 6);
INSERT INTO Piloto_Tripulacion VALUES (9, 7);
INSERT INTO Piloto_Tripulacion VALUES (10, 7);
INSERT INTO Piloto_Tripulacion VALUES (1, 8);
INSERT INTO Piloto_Tripulacion VALUES (2, 8);
INSERT INTO Piloto_Tripulacion VALUES (3, 9);
INSERT INTO Piloto_Tripulacion VALUES (4, 9);
INSERT INTO Piloto_Tripulacion VALUES (5, 10);
INSERT INTO Piloto_Tripulacion VALUES (6, 10);
INSERT INTO Piloto_Tripulacion VALUES (7, 4);
INSERT INTO Piloto_Tripulacion VALUES (8, 4);
INSERT INTO Piloto_Tripulacion VALUES (9, 12);
INSERT INTO Piloto_Tripulacion VALUES (10, 12);

-- Asociar 2 azafatas por tripulación
INSERT INTO Azafata_Tripulacion VALUES (11, 4);
INSERT INTO Azafata_Tripulacion VALUES (12, 3);
INSERT INTO Azafata_Tripulacion VALUES (13, 3);
INSERT INTO Azafata_Tripulacion VALUES (4, 4);
INSERT INTO Azafata_Tripulacion VALUES (5, 5);
INSERT INTO Azafata_Tripulacion VALUES (6, 5);
INSERT INTO Azafata_Tripulacion VALUES (7, 6);
INSERT INTO Azafata_Tripulacion VALUES (8, 6);
INSERT INTO Azafata_Tripulacion VALUES (9, 7);
INSERT INTO Azafata_Tripulacion VALUES (10, 7);
INSERT INTO Azafata_Tripulacion VALUES (11, 8);
INSERT INTO Azafata_Tripulacion VALUES (12, 8);
INSERT INTO Azafata_Tripulacion VALUES (13, 9);
INSERT INTO Azafata_Tripulacion VALUES (14, 9);
INSERT INTO Azafata_Tripulacion VALUES (15, 9);
INSERT INTO Azafata_Tripulacion VALUES (16, 10);
INSERT INTO Azafata_Tripulacion VALUES (17, 10);
INSERT INTO Azafata_Tripulacion VALUES (18, 12);
INSERT INTO Azafata_Tripulacion VALUES (19, 12);
INSERT INTO Azafata_Tripulacion VALUES (20, 5);

INSERT INTO Piloto (Codigo, Nombre, Apellido, Contacto, Correo, Edad, Documento, Rol, Jerarquia, Sueldo) VALUES
('PIL001', 'Carlos', 'Ramírez', '3214567890', 'carlos.ramirez@aerolinea.com', 45, 'DOCP1001', 'Piloto', 'Capitán', 8500.00),
('PIL002', 'Luis', 'Torres', '3109876543', 'luis.torres@aerolinea.com', 50, 'DOCP1002', 'Piloto', 'Capitán', 8700.00),
('PIL003', 'Ana', 'Martínez', '3112345678', 'ana.martinez@aerolinea.com', 42, 'DOCP1003', 'Piloto', 'Primer Oficial', 7800.00),
('PIL004', 'Javier', 'Moreno', '3004567891', 'javier.moreno@aerolinea.com', 47, 'DOCP1004', 'Piloto', 'Capitán', 8600.00),
('PIL005', 'María', 'López', '3123456789', 'maria.lopez@aerolinea.com', 39, 'DOCP1005', 'Piloto', 'Primer Oficial', 7900.00),
('PIL006', 'Ricardo', 'Gómez', '3223456781', 'ricardo.gomez@aerolinea.com', 44, 'DOCP1006', 'Piloto', 'Capitán', 8550.00),
('PIL007', 'Laura', 'Silva', '3156781234', 'laura.silva@aerolinea.com', 41, 'DOCP1007', 'Piloto', 'Primer Oficial', 7700.00),
('PIL008', 'Andrés', 'Pérez', '3134567890', 'andres.perez@aerolinea.com', 43, 'DOCP1008', 'Piloto', 'Capitán', 8450.00),
('PIL009', 'Sofía', 'Cruz', '3116784321', 'sofia.cruz@aerolinea.com', 40, 'DOCP1009', 'Piloto', 'Primer Oficial', 7650.00),
('PIL010', 'Héctor', 'Ruiz', '3101234567', 'hector.ruiz@aerolinea.com', 49, 'DOCP1010', 'Piloto', 'Capitán', 8800.00),
('PIL011', 'Natalia', 'Vargas', '3127894561', 'natalia.vargas@aerolinea.com', 38, 'DOCP1011', 'Piloto', 'Primer Oficial', 7600.00),
('PIL012', 'Esteban', 'Rojas', '3198765432', 'esteban.rojas@aerolinea.com', 45, 'DOCP1012', 'Piloto', 'Capitán', 8600.00),
('PIL013', 'Valeria', 'Soto', '3181234567', 'valeria.soto@aerolinea.com', 40, 'DOCP1013', 'Piloto', 'Primer Oficial', 7500.00),
('PIL014', 'Mauricio', 'Delgado', '3176543210', 'mauricio.delgado@aerolinea.com', 48, 'DOCP1014', 'Piloto', 'Capitán', 8700.00),
('PIL015', 'Daniela', 'Mora', '3167891234', 'daniela.mora@aerolinea.com', 39, 'DOCP1015', 'Piloto', 'Primer Oficial', 7700.00),
('PIL016', 'Pablo', 'Castro', '3145678901', 'pablo.castro@aerolinea.com', 46, 'DOCP1016', 'Piloto', 'Capitán', 8500.00),
('PIL017', 'Camila', 'Acosta', '3139876543', 'camila.acosta@aerolinea.com', 41, 'DOCP1017', 'Piloto', 'Primer Oficial', 7550.00),
('PIL018', 'Jorge', 'Fernández', '3123456780', 'jorge.fernandez@aerolinea.com', 44, 'DOCP1018', 'Piloto', 'Capitán', 8650.00),
('PIL019', 'Andrea', 'Navarro', '3112345670', 'andrea.navarro@aerolinea.com', 37, 'DOCP1019', 'Piloto', 'Primer Oficial', 7450.00),
('PIL020', 'Santiago', 'Herrera', '3105678902', 'santiago.herrera@aerolinea.com', 42, 'DOCP1020', 'Piloto', 'Capitán', 8550.00);

INSERT INTO Azafata (Codigo, Nombre, Apellido, Contacto, Correo, Edad, Jerarquia, Documento, Rol, Sueldo) VALUES
('AZF001', 'Lucía', 'González', '3101234561', 'lucia.gonzalez@aerolinea.com', 30, 'Senior', 'DOCA2001', 'Azafata', 4200.00),
('AZF002', 'Daniela', 'Ramírez', '3102345672', 'daniela.ramirez@aerolinea.com', 28, 'Junior', 'DOCA2002', 'Azafata', 3800.00),
('AZF003', 'Isabela', 'López', '3103456783', 'isabela.lopez@aerolinea.com', 32, 'Senior', 'DOCA2003', 'Azafata', 4300.00),
('AZF004', 'Juliana', 'Pérez', '3104567894', 'juliana.perez@aerolinea.com', 26, 'Junior', 'DOCA2004', 'Azafata', 3700.00),
('AZF005', 'Valentina', 'Martínez', '3105678905', 'valentina.martinez@aerolinea.com', 29, 'Senior', 'DOCA2005', 'Azafata', 4100.00),
('AZF006', 'Camila', 'Ruiz', '3106789016', 'camila.ruiz@aerolinea.com', 31, 'Senior', 'DOCA2006', 'Azafata', 4250.00),
('AZF007', 'Laura', 'Soto', '3107890127', 'laura.soto@aerolinea.com', 27, 'Junior', 'DOCA2007', 'Azafata', 3900.00),
('AZF008', 'Mariana', 'Torres', '3108901238', 'mariana.torres@aerolinea.com', 30, 'Senior', 'DOCA2008', 'Azafata', 4200.00),
('AZF009', 'Sara', 'García', '3109012349', 'sara.garcia@aerolinea.com', 25, 'Junior', 'DOCA2009', 'Azafata', 3600.00),
('AZF010', 'Manuela', 'Vargas', '3110123450', 'manuela.vargas@aerolinea.com', 28, 'Junior', 'DOCA2010', 'Azafata', 3850.00),
('AZF011', 'Nicole', 'Cruz', '3111234561', 'nicole.cruz@aerolinea.com', 33, 'Senior', 'DOCA2011', 'Azafata', 4350.00),
('AZF012', 'Carolina', 'Delgado', '3112345672', 'carolina.delgado@aerolinea.com', 29, 'Senior', 'DOCA2012', 'Azafata', 4100.00),
('AZF013', 'María', 'Herrera', '3113456783', 'maria.herrera@aerolinea.com', 26, 'Junior', 'DOCA2013', 'Azafata', 3750.00),
('AZF014', 'Paula', 'Castillo', '3114567894', 'paula.castillo@aerolinea.com', 31, 'Senior', 'DOCA2014', 'Azafata', 4200.00),
('AZF015', 'Fernanda', 'Acosta', '3115678905', 'fernanda.acosta@aerolinea.com', 27, 'Junior', 'DOCA2015', 'Azafata', 3900.00),
('AZF016', 'Angela', 'Moreno', '3116789016', 'angela.moreno@aerolinea.com', 32, 'Senior', 'DOCA2016', 'Azafata', 4300.00),
('AZF017', 'Tatiana', 'Navarro', '3117890127', 'tatiana.navarro@aerolinea.com', 29, 'Senior', 'DOCA2017', 'Azafata', 4150.00),
('AZF018', 'Melissa', 'Cárdenas', '3118901238', 'melissa.cardenas@aerolinea.com', 28, 'Junior', 'DOCA2018', 'Azafata', 3850.00),
('AZF019', 'Alejandra', 'Núñez', '3119012349', 'alejandra.nunez@aerolinea.com', 30, 'Senior', 'DOCA2019', 'Azafata', 4250.00),
('AZF020', 'Diana', 'Fernández', '3120123450', 'diana.fernandez@aerolinea.com', 25, 'Junior', 'DOCA2020', 'Azafata', 3700.00);

INSERT INTO dbo.Vuelos (
    Id_Tripulacion, Id_Avion, Codigo, Destino, Origen, Estado,
    Fecha, Hora_Llegada, Hora_Salida, Cantidad_Pasajeros
)
VALUES
(1, 3, 'VU1001', 'Cusco', 'Lima', 'En horario', '2025-06-01', '09:15', '08:00', 150),
(2, 5, 'VU1002', 'Lima', 'Arequipa', 'En horario', '2025-06-01', '11:00', '09:30', 160),
(3, 2, 'VU1003', 'Lima', 'Trujillo', 'En horario', '2025-06-02', '12:20', '11:00', 180),
(4, 1, 'VU1004', 'Iquitos', 'Lima', 'Retrasado', '2025-06-02', '14:00', '12:00', 140),
(5, 6, 'VU1005', 'Lima', 'Cusco', 'En horario', '2025-06-03', '10:30', '09:15', 190),
(6, 4, 'VU1006', 'Tacna', 'Lima', 'Cancelado', '2025-06-03', '18:00', '16:00', 130),
(7, 3, 'VU1007', 'Lima', 'Piura', 'En horario', '2025-06-04', '13:00', '11:30', 170),
(8, 5, 'VU1008', 'Arequipa', 'Cusco', 'En horario', '2025-06-04', '17:45', '16:15', 160),
(9, 2, 'VU1009', 'Lima', 'Juliaca', 'En horario', '2025-06-05', '08:45', '07:20', 150),
(10, 1, 'VU1010', 'Chiclayo', 'Lima', 'Retrasado', '2025-06-05', '12:00', '10:30', 140),
(1, 3, 'VU1011', 'Lima', 'Puerto Maldonado', 'En horario', '2025-06-06', '15:30', '14:10', 190),
(2, 5, 'VU1012', 'Lima', 'Iquitos', 'En horario', '2025-06-06', '17:20', '15:45', 180),
(3, 2, 'VU1013', 'Lima', 'Tarapoto', 'En horario', '2025-06-07', '13:50', '12:30', 160),
(4, 1, 'VU1014', 'Piura', 'Lima', 'En horario', '2025-06-07', '18:00', '16:30', 150),
(5, 6, 'VU1015', 'Lima', 'Tumbes', 'En horario', '2025-06-08', '10:00', '08:30', 140),
(6, 4, 'VU1016', 'Cusco', 'Arequipa', 'Retrasado', '2025-06-08', '16:45', '15:10', 130),
(7, 3, 'VU1017', 'Trujillo', 'Lima', 'Cancelado', '2025-06-09', '09:00', '07:45', 120),
(8, 5, 'VU1018', 'Tacna', 'Cusco', 'En horario', '2025-06-09', '13:30', '12:00', 140),
(9, 2, 'VU1019', 'Puerto Maldonado', 'Lima', 'En horario', '2025-06-10', '11:45', '10:10', 170),
(10, 1, 'VU1020', 'Lima', 'Huánuco', 'Retrasado', '2025-06-10', '17:00', '15:20', 160),
(1, 3, 'VU1021', 'Ayacucho', 'Lima', 'En horario', '2025-06-11', '07:30', '06:00', 150),
(2, 5, 'VU1022', 'Lima', 'Chachapoyas', 'En horario', '2025-06-11', '12:15', '10:45', 130),
(3, 2, 'VU1023', 'Lima', 'Cusco', 'Cancelado', '2025-06-12', '14:30', '13:00', 140),
(4, 1, 'VU1024', 'Juliaca', 'Lima', 'En horario', '2025-06-12', '19:00', '17:20', 180),
(5, 6, 'VU1025', 'Lima', 'Arequipa', 'En horario', '2025-06-13', '09:30', '08:00', 160),
(6, 4, 'VU1026', 'Tumbes', 'Lima', 'En horario', '2025-06-13', '15:00', '13:30', 170),
(7, 3, 'VU1027', 'Cusco', 'Tacna', 'En horario', '2025-06-14', '18:00', '16:10', 140),
(8, 5, 'VU1028', 'Lima', 'Iquitos', 'Retrasado', '2025-06-14', '21:00', '19:15', 190),
(9, 2, 'VU1029', 'Arequipa', 'Lima', 'En horario', '2025-06-15', '11:20', '09:45', 160),
(10, 1, 'VU1030', 'Lima', 'Piura', 'En horario', '2025-06-15', '13:40', '12:10', 150),
(NULL, 8, 'VU008', 'Guayaquil', 'Lima', 'Cancelado', '2025-05-16', '15:15:00', '13:00:00', 150),
(NULL, 9, 'VU009', 'Asunción', 'Lima', 'Programado', '2025-05-16', '16:00:00', '14:00:00', 80),
(NULL, 10, 'VU010', 'Madrid', 'Lima', 'Programado', '2025-05-16', '05:00:00', '23:30:00', 220),
(NULL, 11, 'VU011', 'Miami', 'Lima', 'Programado', '2025-05-17', '04:00:00', '00:00:00', 200),
(NULL, 12, 'VU012', 'São Paulo', 'Lima', 'Programado', '2025-05-17', '07:00:00', '05:00:00', 170),
(NULL, 13, 'VU013', 'Panamá', 'Lima', 'Programado', '2025-05-17', '08:30:00', '06:00:00', 160),
(NULL, 14, 'VU014', 'Nueva York', 'Lima', 'Programado', '2025-05-17', '09:45:00', '07:00:00', 240),
(NULL, 15, 'VU015', 'Toronto', 'Lima', 'Demorado', '2025-05-17', '11:30:00', '08:30:00', 230),
(NULL, 16, 'VU016', 'México DF', 'Lima', 'Programado', '2025-05-17', '13:15:00', '10:00:00', 180),
(NULL, 17, 'VU017', 'San José', 'Lima', 'Programado', '2025-05-17', '14:30:00', '12:00:00', 130),
(NULL, 18, 'VU018', 'Punta Cana', 'Lima', 'Programado', '2025-05-17', '16:00:00', '13:30:00', 150),
(NULL, 19, 'VU019', 'Cancún', 'Lima', 'Programado', '2025-05-17', '17:00:00', '15:00:00', 170),
(NULL, 20, 'VU020', 'La Habana', 'Lima', 'Demorado', '2025-05-17', '19:00:00', '17:00:00', 140),
(NULL, 21, 'VU021', 'Cusco', 'Lima', 'Programado', '2025-05-18', '08:30:00', '06:30:00', 100),
(NULL, 22, 'VU022', 'Arequipa', 'Lima', 'Programado', '2025-05-18', '09:45:00', '07:15:00', 110),
(NULL, 23, 'VU023', 'Iquitos', 'Lima', 'Programado', '2025-05-18', '11:00:00', '09:00:00', 90),
(NULL, 24, 'VU024', 'Tacna', 'Lima', 'Programado', '2025-05-18', '12:30:00', '10:00:00', 120),
(NULL, 25, 'VU025', 'Trujillo', 'Lima', 'Programado', '2025-05-18', '13:45:00', '11:00:00', 130),
(NULL, 26, 'VU026', 'Chiclayo', 'Lima', 'Programado', '2025-05-18', '15:00:00', '13:00:00', 140),
(NULL, 27, 'VU027', 'Pucallpa', 'Lima', 'Programado', '2025-05-18', '16:15:00', '14:30:00', 110),
(NULL, 28, 'VU028', 'Tumbes', 'Lima', 'Programado', '2025-05-18', '17:30:00', '15:30:00', 100),
(NULL, 29, 'VU029', 'Piura', 'Lima', 'Demorado', '2025-05-18', '18:45:00', '16:30:00', 110),
(NULL, 30, 'VU030', 'Juliaca', 'Lima', 'Programado', '2025-05-18', '20:00:00', '18:00:00', 80),
(NULL, 31, 'VU031', 'Puerto Maldonado', 'Lima', 'Programado', '2025-05-18', '21:15:00', '19:30:00', 85),
(NULL, 32, 'VU032', 'Tarapoto', 'Lima', 'Programado', '2025-05-18', '22:30:00', '20:30:00', 90),
(NULL, 33, 'VU033', 'Huánuco', 'Lima', 'Programado', '2025-05-18', '23:45:00', '21:45:00', 95),
(NULL, 34, 'VU034', 'Cajamarca', 'Lima', 'Demorado', '2025-05-18', '00:30:00', '22:30:00', 100),
(NULL, 35, 'VU035', 'Tarija', 'Lima', 'Programado', '2025-05-18', '01:30:00', '23:30:00', 75),
(NULL, 36, 'VU036', 'Sucre', 'Lima', 'Programado', '2025-05-18', '03:00:00', '01:00:00', 60);